SUM of Total Students,,Student Group,,,,,,,,Expected Vaules ,,,,,,,my X^2,,,,,,,,,
Course,Year,Asian,Black,Hispanic/Latino,Multi-Race NH,Nat Hawaiian - Pac. Islander,Native American,White,Grand Total,Asian,Black,Hispanic/Latino,Multi-Race NH,Nat Hawaiian - Pac. Islander,Native American,White,Asian,Black,Hispanic/Latino,Multi-Race NH,Nat Hawaiian - Pac. Islander,Native American,White,Result,p-value:,Cohen's w
Algebra 1,2020,,11,4,3,,,4,22,2.156,6.028,3.344,1.848,0.088,0.044,8.47,2.156,4.100992701,0.1286889952,0.7181298701,0.088,0.044,2.359020071,9.594831637,0.1427844013,0.660400417
,2021,3,4,4,4,,,8,23,2.438,6.279,3.496,2.185,0.069,0.046,8.556,0.1295504512,0.8271764612,0.0726590389,1.507654462,0.069,0.046,0.03613090229,2.688171316,0.8468424646,0.3418728034
,2022,3,10,8,4,,,3,28,3.108,7.308,4.256,2.8,0,0.084,10.444,0.003752895753,0.9916343733,3.293593985,0.5142857143,0,0.084,5.305738797,10.19300577,0.06994761517,0.603353893
,2023,1,10,8,2,,1,1,23,2.737,5.957,3.335,2.392,0,0.069,8.51,1.102363537,2.743973309,6.525404798,0.06424080268,0,12.56175362,6.627508813,29.62524488,0.00001747704008,1.134924722
,2024,2,12,3,3,,,3,23,2.99,6.072,3.243,2.323,0,0.092,8.28,0.3277926421,5.78741502,0.01820814061,0.1973004735,0,0.092,3.366956522,9.789672798,0.08141890692,0.6524093406
Algebra 1 Total,,9,47,27,16,,1,19,119,13.4232,31.6064,17.6596,11.5192,0.1666,0.3332,44.268,1.457528625,7.49730817,4.940263209,1.742965539,0.1666,1.33440048,14.42287485,31.56194088,0.00001979498925,0.5150013533
Algebra 1A,2020,11,47,29,8,,,16,111,10.878,30.414,16.872,9.324,0.444,0.222,42.735,0.001368266225,9.045025186,8.71789853,0.188006864,0.444,0.222,16.72540599,35.34370484,0.000003696585297,0.5642798555
,2021,5,47,37,8,,,18,115,12.19,31.395,17.48,10.925,0.345,0.23,42.78,4.240861362,7.756522535,21.7980778,0.7831235698,0.345,0.23,14.35363254,49.50721781,0.000000005901260036,0.6561231181
,2022,12,50,29,14,,1,37,143,15.873,37.323,21.736,14.3,0,0.429,53.339,0.945009072,4.305825604,2.427571586,0.006293706294,0,0.760002331,5.005022985,13.44972528,0.01950979422,0.3066822834
,2023,3,44,24,12,,2,23,108,12.852,27.972,15.66,11.232,0,0.324,39.96,7.552280112,9.184069212,4.441609195,0.05251282051,0,8.669679012,7.198238238,37.09838859,0.0000005723525285,0.5860918
,2024,24,77,39,13,,3,36,192,24.96,50.688,27.072,19.392,0,0.768,69.12,0.03692307692,13.65848611,5.255510638,2.106933993,0,6.48675,15.87,43.41460382,0.00000003044823216,0.4755183784
Algebra 1A Total,,55,265,158,55,,6,130,669,75.4632,177.6864,99.2796,64.7592,0.9366,1.8732,248.868,5.548963657,42.90516745,34.73105629,1.470709716,0.9366,9.091649712,56.77548509,151.4596319,0,0.4758119988
Algebra 1B,2020,7,40,29,8,,,15,99,9.702,27.126,15.048,8.316,0.396,0.198,38.115,0.7525050505,6.11000059,12.93582562,0.01200769601,0.396,0.198,14.01818772,34.42252668,0.000005574436637,0.5896628611
,2021,2,46,35,8,,,14,105,11.13,28.665,15.96,9.975,0.315,0.21,39.06,7.489389039,10.48324525,22.71438596,0.3910401003,0.315,0.21,16.07792115,57.6809815,0.0000000001329851784,0.7411765518
,2022,11,37,23,13,,1,29,114,12.654,29.754,17.328,11.4,0,0.342,42.522,0.2161937727,1.764620421,1.856624192,0.2245614035,0,1.265976608,4.299997272,9.627973669,0.08648941116,0.290612989
,2023,4,25,19,11,,,15,74,8.806,19.166,10.73,7.696,0,0.222,27.38,2.622942993,1.775829907,6.373988816,1.418453222,0,0.222,5.597677137,18.01089208,0.002932784725,0.4933461599
,2024,16,51,32,4,,1,24,128,16.64,33.792,18.048,12.928,0,0.512,46.08,0.02461538462,8.762880682,10.78558865,6.165623762,0,0.465125,10.58,36.78383348,0.0000006617789756,0.5360724756
Algebra 1B Total,,40,199,138,44,,2,97,520,58.656,138.112,77.168,50.336,0.728,1.456,193.44,5.933686852,26.84305885,47.95423264,0.7975384615,0.728,0.2032527473,48.08040529,130.5401748,0,0.5010377209
Algebra 2,2020,10,90,41,9,,1,38,189,18.522,51.786,28.728,15.876,0.756,0.378,72.765,3.920984991,28.19893014,5.242341409,2.978040816,0.756,1.023502646,16.60970556,58.72950556,0,0.5574388977
,2021,8,71,26,11,,1,32,149,15.794,40.677,22.648,14.155,0.447,0.298,55.428,3.846171711,22.60452661,0.4961102084,0.703216178,0.447,1.653704698,9.902417262,39.65314667,0.0000005328860626,0.5158764398
,2022,10,64,36,9,,,28,147,16.317,38.367,22.344,14.7,0,0.441,54.831,2.445577557,17.12541218,8.346148228,2.210204082,0,0.441,13.12948079,43.69782283,0.00000002667521959,0.5452193145
,2023,10,48,33,14,,,32,137,16.303,35.483,19.865,14.248,0,0.411,50.69,2.436840397,4.415502889,8.685035238,0.004316676025,0,0.411,6.891223121,22.84391832,0.0003615632337,0.4083429066
,2024,8,62,32,16,,,34,152,19.76,40.128,21.432,15.352,0,0.608,54.72,6.998866397,11.92146093,5.211022023,0.0273517457,0,0.608,7.845730994,32.61243208,0.000004492635636,0.4632013323
Algebra 2 Total,,46,335,168,59,,2,164,774,87.3072,205.5744,114.8616,74.9232,1.0836,2.1672,287.928,19.54346001,81.48381285,24.58340781,3.384109304,1.0836,0.01289952012,53.34024195,183.4315314,0,0.4868178742
AP Calculus AB,2020,6,8,4,6,,,26,50,4.9,13.7,7.6,4.2,0.2,0.1,19.25,0.2469387755,2.371532847,1.705263158,0.7714285714,0.2,0.1,2.366883117,7.762046468,0.2560599031,0.3940062555
,2021,7,7,2,2,,2,16,36,3.816,9.828,5.472,3.42,0.108,0.072,13.392,2.65667086,0.8137549858,2.202994152,0.5895906433,0.108,51.62755556,0.5078900836,58.50645628,0,1.27482522
,2022,9,7,4,6,,,19,45,4.995,11.745,6.84,4.5,0,0.135,16.785,3.211216216,1.91698808,1.179181287,0.5,0,0.135,0.2922981829,7.234683766,0.2037634613,0.4009622805
,2023,5,7,4,4,,,18,38,4.522,9.842,5.51,3.952,0,0.114,14.06,0.05052720035,0.8206628734,0.4138112523,0.0005829959514,0,0.114,1.104096728,2.50368105,0.7759405959,0.2566833525
,2024,6,13,6,2,,,24,51,6.63,13.464,7.191,5.151,0,0.204,18.36,0.05986425339,0.01599049317,0.1972578223,1.927548243,0,0.204,1.73254902,4.137209832,0.5298351262,0.2848188221
AP Calculus AB Total,,33,42,20,20,,2,103,220,24.816,58.432,32.648,21.296,0.308,0.616,81.84,2.698978723,4.620937568,4.899899044,0.07887002254,0.308,3.109506494,5.470987292,21.18717914,0.001697803711,0.3103310486
AP Calculus BC,2020,22,9,4,11,,,67,113,11.074,30.962,17.176,9.492,0.452,0.226,43.505,10.77997797,15.57811007,10.10753237,0.2395769069,0.452,0.226,12.68854212,50.07173944,0.000000004547935806,0.6656671378
,2021,20,6,4,14,,,74,118,12.508,32.214,17.936,11.21,0.354,0.236,43.896,4.487533099,21.33152654,10.82806066,0.6943889384,0.354,0.236,20.64540769,58.57691693,0,0.7045669239
,2022,16,5,5,14,,,56,96,10.656,25.056,14.592,9.6,0,0.288,35.808,2.680024024,16.05376501,6.305267544,2.016666667,0,0.288,11.38619482,38.72991806,0.0000002691415999,0.6351666289
,2023,20,5,9,14,,,66,114,13.566,29.526,16.53,11.856,0,0.342,42.18,3.051478402,20.37271137,3.430181488,0.3877139001,0,0.342,13.45169275,41.03577791,0.00000009227921127,0.599969136
,2024,19,14,11,8,,,62,114,14.82,30.096,16.074,11.514,0,0.456,41.04,1.178974359,8.608493355,1.601684459,1.072450582,0,0.456,10.70471735,23.6223201,0.0002565624696,0.4552069137
AP Calculus BC Total,,97,39,33,61,,,325,555,62.604,147.408,82.362,53.724,0.777,1.554,206.46,18.89791093,79.72630023,29.584117,0.9854101705,0.777,1.554,68.06030999,199.5850483,0,0.5996771629
AP Statistics,2020,17,19,11,4,,2,75,128,12.544,35.072,19.456,10.752,0.512,0.256,49.28,1.582903061,7.365111314,3.675161184,4.240095238,0.512,11.881,13.42366883,42.67993963,0.0000001349501475,0.5774400647
,2021,24,24,9,13,1,,79,150,15.9,40.95,22.8,14.25,0.45,0.3,55.8,4.126415094,7.015934066,8.352631579,0.1096491228,0.6722222222,0.3,9.645878136,30.22273022,0.00003565513449,0.4488706586
,2022,23,27,12,25,,1,95,183,20.313,47.763,27.816,18.3,0,0.549,68.259,0.3554358785,9.025860373,8.992876618,2.453005464,0,0.3704936248,10.47599703,31.67366898,0.000006893954324,0.4160290355
,2023,27,37,19,23,,,86,192,22.848,49.728,27.84,19.968,0,0.576,71.04,0.754512605,3.257761905,2.806954023,0.4603878205,0,0.576,3.15036036,11.00597671,0.05126161155,0.2394217939
,2024,30,26,14,17,,,90,177,23.01,46.728,24.957,17.877,0,0.708,63.72,2.123428944,9.194700907,4.810508034,0.043023382,0,0.708,10.83864407,27.71830533,0.00004131649108,0.3957279307
AP Statistics Total,,121,133,65,82,1,3,425,830,93.624,220.448,123.172,80.344,1.162,2.324,308.76,8.004842519,34.6891453,27.47362699,0.03413243055,0.02258519793,0.1966333907,43.7612955,114.1822613,0,0.3709029382
Applied Mathematics,2022,5,47,19,4,,,20,95,10.545,24.795,14.44,9.5,0,0.285,35.435,2.915791844,19.88554245,1.44,3.184210526,0,0.285,6.723274305,34.43381912,0.00000554647816,0.6020475512
,2023,5,22,18,5,,,21,71,8.449,18.389,10.295,7.384,0,0.213,26.27,1.407930051,0.7090826581,5.76658815,0.7696988082,0,0.213,1.057209745,9.923509412,0.1279103828,0.3738552369
,2024,5,33,15,4,,,17,74,9.62,19.536,10.434,7.474,0,0.296,26.64,2.218752599,9.279243243,1.998117309,1.614754616,0,0.296,3.488348348,18.89521612,0.002010450594,0.5053125353
Applied Mathematics Total,,15,102,52,13,,,58,240,27.072,63.744,35.616,23.232,0.336,0.672,89.28,5.383170213,22.95936145,7.536934412,4.506449036,0.336,0.672,10.95921147,52.35312658,0.0000000004566006462,0.4670524889
Applied Mathematics (HN Opt),2020,9,52,25,10,,1,31,128,12.544,35.072,19.456,10.752,0.512,0.256,49.28,1.001270408,8.170540146,1.579766447,0.0525952381,0.512,2.16225,6.780811688,20.25923393,0.001117186964,0.3978382398
,2021,5,50,30,6,,1,33,125,13.25,34.125,19,11.875,0.375,0.25,46.5,5.136792453,7.38507326,6.368421053,2.906578947,0.375,2.25,3.919354839,28.34122055,0.00008102913438,0.4761614898
Applied Mathematics (HN Opt) Total,,14,102,55,16,,2,64,253,28.5384,67.1968,37.5452,24.4904,0.3542,0.7084,94.116,7.406339338,18.02560137,8.114753498,2.943475491,0.3542,2.354927386,9.636761613,48.8360587,0.000000008040999533,0.4393494054
Business Math,2020,1,8,6,1,,,,16,1.568,4.384,2.432,1.344,0.064,0.032,6.16,0.205755102,2.982540146,5.234631579,0.08804761905,0.064,0.032,6.16,14.76697445,0.02214865458,0.9606955308
Business Math Total,,1,8,6,1,,,,16,1.8048,4.2496,2.3744,1.5488,0.0224,0.0448,5.952,0.3588780142,3.309840964,5.536125067,0.194461157,0.0224,0.0448,5.952,15.4185052,0.008716094176,0.9816601118
Foundations of Math 1,2020,,2,2,,,,2,6,0.588,1.644,0.912,0.504,0.024,0.012,2.31,0.588,0.07709002433,1.297964912,0.504,0.024,0.012,0.0416017316,2.544656668,0.7697551823,0.6512368576
,2022,,2,2,,,,2,6,0.666,1.566,0.912,0.6,0,0.018,2.238,0.666,0.1202784163,1.297964912,0.6,0,0.018,0.0253100983,2.727553427,0.7419011451,0.674234557
Foundations of Math 1 Total,,,4,4,,,,4,12,1.3536,3.1872,1.7808,1.1616,0.0168,0.0336,4.464,1.3536,0.2072803213,2.765525966,1.1616,0.0168,0.0336,0.04822939068,5.586635678,0.4710480651,0.682314424
Foundations of Math 2,2023,,4,3,,,,3,10,1.19,2.59,1.45,1.04,0,0.03,3.7,1.19,0.7676061776,1.656896552,1.04,0,0.03,0.1324324324,4.816935162,0.5674980107,0.6940414369
Foundations of Math 2 Total,,,4,3,,,,3,10,1.128,2.656,1.484,0.968,0.014,0.028,3.72,1.128,0.6800963855,1.548690027,0.968,0.014,0.028,0.1393548387,4.506141251,0.6085201895,0.671277979
Fundamentals of Math,2023,,4,4,4,,,4,16,1.904,4.144,2.32,1.664,0,0.048,5.92,1.904,0.005003861004,1.216551724,3.279384615,0,0.048,0.6227027027,7.075642903,0.2150751661,0.6650020161
Fundamentals of Math Total,,,4,4,4,,,4,16,1.8048,4.2496,2.3744,1.5488,0.0224,0.0448,5.952,1.8048,0.01466024096,1.112944474,3.879378512,0.0224,0.0448,0.640172043,7.519155271,0.1848029122,0.6855269538
Geometry,2020,,12,6,3,,,2,23,2.254,6.302,3.496,1.932,0.092,0.046,8.855,2.254,5.151888924,1.793482838,0.5903850932,0.092,0.046,5.306722191,15.23447905,0.009406051482,0.8138603407
,2021,,10,3,2,,,2,17,1.802,4.641,2.584,1.615,0.051,0.034,6.324,1.802,6.188080371,0.06697213622,0.09178018576,0.051,0.034,2.956511069,11.19034376,0.08266878487,0.811329474
,2022,3,16,4,3,,,7,33,3.663,8.613,5.016,3.3,0,0.099,12.309,0.120002457,6.335512481,0.2057926635,0.02727272727,0,0.099,2.289827037,9.077407366,0.1692713096,0.524473975
,2023,1,13,7,9,,,9,39,4.641,10.101,5.655,4.056,0,0.117,14.43,2.856470804,0.832016731,0.3198983201,6.026414201,0,0.117,2.043305613,12.19510567,0.05775511542,0.5591913958
,2024,,14,9,5,,1,5,34,4.42,8.976,4.794,3.434,0,0.136,12.24,4.42,2.81200713,3.69012015,0.7141397787,0,5.488941176,4.28248366,21.4076919,0.0006782551222,0.7934973201
Geometry Total,,4,65,29,22,,1,25,146,16.4688,38.7776,21.6664,14.1328,0.2044,0.4088,54.312,9.440334052,17.73225423,2.482262349,4.379375342,0.2044,0.854983953,15.8195858,50.91319573,0.0000000009010204804,0.5905256292
Geometry A,2020,7,59,23,3,3,,20,115,11.27,31.51,17.48,9.66,0.46,0.23,44.275,1.617826087,23.98286576,1.743157895,4.591677019,14.02521739,0.23,13.30944382,59.50018797,0,0.719300312
,2021,7,59,28,10,,,18,122,12.932,33.306,18.544,11.59,0.366,0.244,45.384,2.721050418,19.82170288,4.821825712,0.2181276963,0.366,0.244,16.52307985,44.71578655,0.00000005329947672,0.6054112987
,2022,5,45,28,10,,,18,106,11.766,27.666,16.112,10.6,0,0.318,39.538,3.890766276,10.86053481,8.77138431,0.03396226415,0,0.318,11.73264819,35.60729584,0.000003285902931,0.5795842349
,2023,4,28,16,11,,4,19,82,9.758,21.238,11.89,8.528,0,0.246,30.34,3.397680262,2.152963744,1.420698066,0.7165553471,0,57.28665041,4.23848385,69.21303168,0,0.9187281219
,2024,5,30,23,9,,,15,82,10.66,21.648,11.562,8.282,0,0.328,29.52,3.00521576,3.222279379,11.31532987,0.06224631731,0,0.328,7.14195122,25.07502255,0.000134762274,0.5529854952
Geometry A Total,,28,221,118,43,3,4,90,507,57.1896,134.6592,75.2388,49.0776,0.7098,1.4196,188.604,14.89838621,55.36000321,24.30288927,0.7526289338,7.389428064,4.690380502,51.55112731,158.9448435,0,0.5599113122
Geometry B,2020,3,44,22,3,3,,14,89,8.722,24.386,13.528,7.476,0.356,0.178,34.265,3.753873424,15.77581383,5.305646363,2.679852327,19.63689888,0.178,11.98512257,59.31520739,0,0.8163718542
,2021,6,50,26,10,,,18,110,11.66,30.03,16.72,10.45,0.33,0.22,40.92,2.747478559,13.28008325,5.15062201,0.01937799043,0.33,0.22,12.83788856,34.58545037,0.000005184270126,0.5607255881
,2022,3,39,22,8,,,11,83,9.213,21.663,12.616,8.3,0,0.249,30.959,4.189880495,13.87488201,6.979982245,0.01084337349,0,0.249,12.86739497,38.1719831,0.000001039658891,0.6781617881
,2023,2,27,13,8,,,14,64,7.616,16.576,9.28,6.656,0,0.192,23.68,4.141210084,6.555247104,1.491206897,0.2713846154,0,0.192,3.957027027,16.60807573,0.01083685675,0.5094125865
,2024,6,31,20,7,,,11,75,9.75,19.8,10.575,7.575,0,0.3,27,1.442307692,6.335353535,8.400059102,0.04364686469,0,0.3,9.481481481,26.00284868,0.00008912253714,0.5888163118
Geometry B Total,,20,191,103,36,3,,68,421,47.4888,111.8176,62.4764,40.7528,0.5894,1.1788,156.612,15.9118387,56.07214311,26.28451955,0.5542958481,9.859165864,1.1788,50.13719603,159.9979591,0,0.6164759997
HN Algebra 1,2020,22,64,42,19,,2,85,234,22.932,64.116,35.568,19.656,0.936,0.468,90.09,0.03787824874,0.0002098696113,1.1631417,0.02189336589,0.936,5.015008547,0.2875801976,7.461711929,0.1885034575,0.1785711562
,2021,18,42,22,8,,,42,132,13.992,36.036,20.064,12.54,0.396,0.264,49.104,1.148089194,0.987048951,0.1868070175,1.643668262,0.396,0.264,1.027753666,5.65336709,0.4631173572,0.2069505703
,2022,32,75,28,32,,,96,263,29.193,68.643,39.976,26.3,0,0.789,98.099,0.2699019971,0.5887191556,3.58776706,1.235361217,0,0.789,0.04491178299,6.515661213,0.3679655613,0.1573987841
,2023,37,58,33,23,,1,102,254,30.226,65.786,36.83,26.416,0,0.762,93.98,1.518132601,0.9214999544,0.3982867228,0.4417419746,0,0.07433595801,0.6844051926,4.038402403,0.671479375,0.1260921174
,2024,40,61,33,29,,1,110,274,35.62,72.336,38.634,27.674,0,1.096,98.64,0.5385850646,1.776499889,0.8216067712,0.0635353039,0,0.008408759124,1.308288727,4.516924515,0.4776221947,0.1283944156
HN Algebra 1 Total,,149,300,158,111,,4,435,1157,130.5096,307.2992,171.6988,111.9976,1.6198,3.2396,430.404,2.619691518,0.1733760473,1.092943698,0.008885956128,1.6198,0.1784813434,0.04907764798,5.742256211,0.3321117541,0.07044896282
HN Algebra 2,2020,48,72,37,40,,1,179,377,36.946,103.298,57.304,31.668,1.508,0.754,145.145,3.307284036,9.482901934,7.194129834,2.192188455,1.508,0.08025994695,7.896662131,31.66142634,0.000006932507996,0.2897974521
,2021,37,66,41,28,1,,148,321,34.026,87.633,48.792,30.495,0.963,0.642,119.412,0.2599387527,5.340302044,1.244369241,0.2041326447,0.001421599169,0.642,6.844150873,14.53631515,0.02418653042,0.2128014823
,2022,30,54,45,31,,,120,280,31.08,73.08,42.56,28,0,0.84,104.44,0.03752895753,4.981477833,0.139887218,0.3214285714,0,0.84,2.318207583,8.638530163,0.194950478,0.1756470707
,2023,50,88,41,44,,1,184,408,48.552,105.672,59.16,42.432,0,1.224,150.96,0.04318470918,2.955367401,5.574469236,0.05794268477,0,0.04099346405,7.231330154,15.90328765,0.01428258316,0.1974301046
,2024,68,90,33,48,,,168,407,52.91,107.448,57.387,41.107,0,1.628,146.52,4.303687394,2.833302658,10.36342323,1.155848128,0,1.628,3.148992629,23.43325404,0.0002788931166,0.2399490837
HN Algebra 2 Total,,233,370,197,191,1,2,799,1793,202.2504,476.2208,266.0812,173.5624,2.5102,5.0204,666.996,4.675085439,23.6924938,17.9351724,1.751934139,0.9085746315,1.817149263,26.12467843,76.9050881,0,0.207103478
HN Calculus,2020,2,9,3,3,,1,12,30,2.94,8.22,4.56,2.52,0.12,0.06,11.55,0.3005442177,0.07401459854,0.5336842105,0.09142857143,0.12,14.72666667,0.01753246753,15.86387073,0.007243669401,0.7271833958
,2021,,6,1,,,,8,15,1.59,4.095,2.28,1.425,0.045,0.03,5.58,1.59,0.8862087912,0.7185964912,1.425,0.045,0.03,1.04953405,5.744339333,0.4524300643,0.6188343522
,2022,7,12,5,6,,,20,50,5.55,13.05,7.6,5,0,0.15,18.65,0.3788288288,0.08448275862,0.8894736842,0.2,0,0.15,0.09772117962,1.800506451,0.9371013629,0.1897633501
,2023,2,6,,1,,,13,22,2.618,5.698,3.19,2.288,0,0.066,8.14,0.1458838808,0.01600631801,3.19,0.7250629371,0,0.066,2.901670762,7.044623898,0.3167401271,0.5658711666
,2024,3,11,4,4,,,12,34,4.42,8.976,4.794,3.434,0,0.136,12.24,0.456199095,0.4563921569,0.1315052149,0.09328945836,0,0.136,0.004705882353,1.278091807,0.9371697877,0.1938838196
HN Calculus Total,,14,44,13,14,,1,65,151,17.0328,40.1056,22.4084,14.6168,0.2114,0.4228,56.172,0.5400096191,0.3781604404,3.950214677,0.02602773795,0.2114,0.7879844844,1.387409813,7.281206771,0.2005524889,0.2195903285
HN Geometry,2020,44,93,48,33,,1,172,391,38.318,107.134,59.432,32.844,1.564,0.782,150.535,0.8425576491,1.864673736,2.198994212,0.0007409572525,1.564,0.06077237852,3.060724914,9.592463847,0.08764129069,0.1566306344
,2021,38,62,48,26,,,146,320,33.92,87.36,48.64,30.4,0.96,0.64,119.04,0.490754717,7.361831502,0.008421052632,0.6368421053,0.96,0.64,6.105860215,16.20370959,0.01270135116,0.2250257596
,2022,30,75,44,26,,,112,287,31.857,74.907,43.624,28.7,0,0.861,107.051,0.1082477634,0.0001154631743,0.003240784889,0.2540069686,0,0.861,0.2287937619,1.455404742,0.9624016397,0.07121163291
,2023,36,64,28,35,,1,110,274,32.606,70.966,39.73,28.496,0,0.822,101.38,0.3532857756,0.6837803455,3.463199094,1.484489613,0,0.03854501217,0.7329295719,6.756229412,0.3439805269,0.1570279325
,2024,49,79,49,41,,1,148,367,47.71,96.888,51.747,37.067,0,1.468,132.12,0.03487948019,3.302581785,0.1458250527,0.4173115979,0,0.1491989101,1.90867696,5.958473786,0.3102805976,0.1274190857
HN Geometry Total,,197,373,217,161,,3,688,1639,184.8792,435.3184,243.2276,158.6552,2.2946,4.5892,609.708,0.7946474922,8.92124702,2.828161778,0.03465431351,2.2946,0.5503261222,10.05339813,25.47703485,0.0001126805811,0.1246766039
HN Multivariable Calculus,2022,3,2,3,2,,,23,33,3.663,8.613,5.016,3.3,0,0.099,12.309,0.120002457,5.077414258,0.8102583732,0.5121212121,0,0.099,9.285683727,15.90448003,0.007122145657,0.6942290258
,2023,3,2,2,2,,,22,31,3.689,8.029,4.495,3.224,0,0.093,11.47,0.1286855516,4.527194047,1.384877642,0.4646947891,0,0.093,9.667035745,16.26548777,0.01239774594,0.7243570625
,2024,10,2,3,3,,,29,47,6.11,12.408,6.627,4.747,0,0.188,16.92,2.476612111,8.730372663,1.985080579,0.6429342743,0,0.188,8.624491726,22.64749135,0.0009235605667,0.694162458
HN Multivariable Calculus Total,,16,6,8,7,,,74,111,12.5208,29.4816,16.4724,10.7448,0.1554,0.3108,41.292,0.9667778928,18.70270062,4.357686904,1.305145469,0.1554,0.3108,25.90848746,51.70699834,0.000000002135706612,0.6825165301
HN Mutivariable Calculus,2021,12,3,2,3,,,16,36,3.816,9.828,5.472,3.42,0.108,0.072,13.392,17.55184906,4.743750916,2.202994152,0.05157894737,0.108,0.072,0.5078900836,25.23806316,0.0001253329774,0.8372916516
HN Mutivariable Calculus Total,,12,3,2,3,,,16,36,4.0608,9.5616,5.3424,3.4848,0.0504,0.1008,13.392,15.52179291,4.50286506,2.091127164,0.0674446281,0.0504,0.1008,0.5078900836,22.84231984,0.0003618175114,0.7965606597
HN Pre-Calculus,2020,38,34,15,20,4,1,130,242,23.716,66.308,36.784,20.328,0.968,0.484,93.17,8.603164783,15.74179381,12.90078991,0.005292404565,9.49692562,0.5501157025,14.55885907,61.8569413,0,0.5055761026
,2021,30,48,29,28,,1,130,266,28.196,72.618,40.432,25.27,0.798,0.532,98.952,0.1154211945,8.345670825,3.232356154,0.2949307479,0.798,0.4116992481,9.741877921,22.93995609,0.0008168402917,0.2936672206
,2022,32,33,23,23,,,113,224,24.864,58.464,34.048,22.4,0,0.672,83.552,2.048041184,11.09084729,3.584889098,0.01607142857,0,0.672,10.378982,27.790831,0.0001028788197,0.3522303363
,2023,33,51,27,19,,,106,236,28.084,61.124,34.22,24.544,0,0.708,87.32,0.8605275602,1.6768434,1.523331385,1.252279009,0,0.708,3.996133761,10.01711512,0.1239331128,0.2060228216
,2024,53,59,24,33,,,131,300,39,79.2,42.3,30.3,0,1.2,108,5.025641026,5.152020202,7.917021277,0.2405940594,0,1.2,4.898148148,24.43342471,0.0001791878721,0.2853852642
HN Pre-Calculus Total,,186,225,118,123,4,2,610,1268,143.0304,336.7808,188.1712,122.7424,1.7752,3.5504,471.696,12.90904957,37.10112705,26.16764579,0.0005406262221,2.78826895,0.6770336187,40.55153407,120.1951997,0,0.3078817418
HRV Math Linear Algebra 21B Total,,0,0,,0,,,0,0,,,,,,,,,,,,,,,,,
HRV Mltvrbl Calculus Total,,3,,,1,,,7,11,,,,,,,,,,,,,,,,,
Intro to Design Thinking Total,,0,7,0,0,,,7,14,,,,,,,,,,,,,,,,,
Math & Gaming Total,,,0,0,0,,,0,0,,,,,,,,,,,,,,,,,
Math & Law Total,,,0,0,0,,,0,0,,,,,,,,,,,,,,,,,
Math & Society Total,,0,19,0,0,,0,0,19,,,,,,,,,,,,,,,,,
Math Fundamentals Total,,,0,0,,,,0,0,,,,,,,,,,,,,,,,,
Math in Careers Total,,0,15,0,0,,,0,15,,,,,,,,,,,,,,,,,
Math in Motion Total,,0,0,0,0,,,,0,,,,,,,,,,,,,,,,,
Math in Society Total,,,0,0,0,,,,0,,,,,,,,,,,,,,,,,
Math Reasong/Appl Total,,,9,0,,,,0,9,,,,,,,,,,,,,,,,,
Math Reasoning/Applications Total,,0,0,0,0,,,0,0,,,,,,,,,,,,,,,,,
Money & Power Financial Literacy,2021,8,41,12,7,,,25,93,9.858,25.389,14.136,8.835,0.279,0.186,34.596,0.350189085,9.598775887,0.3227572156,0.3811233729,0.279,0.186,2.661672332,13.77951789,0.01707229953,0.3849244849
,2022,0,27,13,0,0,,25,65,7.215,16.965,9.88,6.5,,0.195,24.245,7.215,5.935822281,0.9852631579,6.5,0,0.195,0.0235110332,20.85459647,0.00194828363,0.5664273526
,2023,13,40,16,7,,,22,98,11.662,25.382,14.21,10.192,0,0.294,36.26,0.1535108901,8.418797731,0.2254820549,0.9996923077,0,0.294,5.608041919,15.6995249,0.01546090316,0.4002489646
,2024,10,36,22,16,,,30,114,14.82,30.096,16.074,11.514,0,0.456,41.04,1.567638327,1.158200957,2.184737838,1.747802328,0,0.456,2.969824561,10.08420401,0.1211505014,0.2974187787
Money & Power Financial Literacy Total,,31,144,63,30,0,,102,370,41.736,98.272,54.908,35.816,0.518,1.036,137.64,2.76168526,21.27818691,1.1925487,0.9444342193,0.518,1.036,9.228491718,36.95934681,0.0000006102929203,0.316053993
Personal Finance Total,,0,8,0,0,,,0,8,,,,,,,,,,,,,,,,,
Pre-Calc w Quantita Reasoning,2020,10,17,9,6,,,27,69,6.762,18.906,10.488,5.796,0.276,0.138,26.565,1.550524105,0.1921525442,0.2111121281,0.007180124224,0.276,0.138,0.007123094297,2.382091996,0.7941379562,0.1858038547
,2021,8,23,7,0,0,,18,56,5.936,15.288,8.512,5.32,0.168,0.112,20.832,0.717671159,3.890302459,0.2685789474,5.32,0.168,0.112,0.3849953917,10.86154796,0.09275087632,0.4404046021
,2022,9,15,0,0,,,7,31,3.441,8.091,4.712,3.1,,0.093,11.563,8.980668701,5.899676307,4.712,3.1,0,0.093,1.800654588,24.5859996,0.0004072722759,0.8905598021
,2023,0,0,6,0,,,0,6,0.714,1.554,0.87,0.624,,0.018,2.22,0.714,1.554,30.24931034,0.624,0,0.018,2.22,35.37931034,0.000003638266384,2.42828164
,2024,0,10,7,0,,,0,17,2.21,4.488,2.397,1.717,,0.068,6.12,2.21,6.769639929,8.839219441,1.717,0,0.068,6.12,25.72385937,0.0001009398747,1.230109019
Pre-Calc w Quantita Reasoning Total,,27,65,29,6,0,,52,179,20.1912,47.5424,26.5636,17.3272,0.2506,0.5012,66.588,2.296037751,6.410442,0.2234653797,7.404858248,0.2506,0.5012,3.195917342,20.28252072,0.001105981135,0.3366157626
SE Algebra 1A Total,,0,8,0,,,,0,8,,,,,,,,,,,,,,,,,
SE Algebra 1B Total,,0,7,6,0,,,0,13,,,,,,,,,,,,,,,,,
SE Geometry A Total,,0,6,0,,,,6,12,,,,,,,,,P-value avg,~0,max val,0,,,,,
SE Geometry B Total,,0,6,0,,,,0,6,,,,,,,,,cohen's w avg,0.3528,,,,,,,
SE Pre Algebra A Total,,0,7,6,0,,,,13,,,,,,,,,,,,,,,,,
SE Pre Algebra B Total,,0,17,7,0,,,0,24,,,,,,,,,,,,,,,,,
Statistics & Society Total,,0,16,9,0,,,0,25,,,,,,,,,,,,,,,,,
Statistics & Society:  Mathematics (HN Opt) Total,,0,6,0,0,0,,0,6,,,,,,,,,,,,,,,,,
Statistics & Trigonometry Total,,0,33,11,0,,,26,70,,,,,,,,,,,,,,,,,
Statistics & Trigonometry (HN Opt) Total,,0,20,0,0,,,15,35,,,,,,,,,,,,,,,,,
Transition Skills Math 1 Total,,,0,0,,,,0,0,,,,,,,,,,,,,,,,,
Transition Skills Math 2 Total,,,0,0,,,,0,0,,,,,,,,,,,,,,,,,
Transition Skills Math 3 Total,,,6,0,,,,0,6,,,,,,,,,,,,,,,,,
Grand Total,,1351,3481,1827,1119,12,35,4481,12306,,,,,,,,,,,,,,,,,